question_number,answer,reason
1,B,"The scheduled personal property endorsement is commonly added to a standard homeowners insurance policy in California to provide additional coverage for high-value items, such as jewelry, art, or collectibles. This endorsement allows the insured to specify and schedule these valuable items separately, often with higher limits than the standard policy provides. In contrast, replacement cost endorsement covers property at its current replacement cost, earthquake endorsement provides coverage for d"
2,C,"Mr. Davis should report the incident to his insurance company as soon as possible because this will initiate the claims process, allowing his insurer to investigate the matter and potentially provide coverage for the customer's injury claim. Offering a cash settlement (B) could be seen as an admission of fault and might jeopardize any potential insurance coverage. Waiting until a lawsuit is filed (D) would delay the reporting of the"
3,D,"In California, the formation of a valid insurance contract requires offer and acceptance (mutual assent), an insurable interest, and consideration. Notarization is not a required element for the formation of a valid insurance contract."
4,D,"Under a replacement cost endorsement, the insurance company agrees to reimburse the policyholder for the cost of replacing damaged property with new materials of similar kind and quality. In this scenario, the adjuster's estimate is higher than the contractor's quote. The insurance company may not pay out until the repairs are completed and inspected to ensure that the actual repair costs do not exceed the policy limit or the replacement cost"
5,B,"The business owner's personal credit score is not typically considered during the underwriting process for a commercial property insurance policy in California, as it is more relevant to personal lines of insurance rather than commercial properties."
6,B,"A Business Owners Policy (BOP) is designed to cover a variety of risks that businesses face, including property damage, liability, and business interruption. This makes it the most appropriate for business owners, as opposed to a Homeowners Policy which is intended for residential properties, or a Personal Articles Floater Dwelling policy which covers specific personal items within a dwelling."
7,B,"Under California's workers compensation laws, employers are responsible for providing coverage for work-related injuries regardless of employee negligence. Therefore, Ms Thompson should file a worker's compensation claim with her insurance company to ensure compliance with the law and provide necessary medical benefits for Alex."
8,D,"The Declarations Page is a section of an insurance policy that provides essential details about the policy, including the name of the insured, the property covered, and the policy limits. This information can be found in the ""Dec Page"" or ""Decls"" section of the policy. Conditions are typically listed separately and may include terms, provisions, and limitations of the policy. Exclusions refer to situations not covered by the"
9,B,"Property damage caused by the insurance product is not typically covered under a Commercial General Liability (CGL) policy. This type of coverage is usually provided by a separate policy, such as an Errors and Omissions (E&O) or a Business Owners Policy (BOP). CGL policies primarily cover bodily injury to others, property damage caused by the insured's operations, products, completed operations, and personal"
10,B,"To comply with California's consumer protection laws, Mr. Green should fully explain the policy terms, benefits, and any exclusions to the client. This ensures transparency and helps the client make an informed decision, which aligns with the principles of fair practices in insurance sales."
11,C,"The type of fuel used by the vehicles is not a crucial factor in determining the premium for a commercial auto insurance policy in California. The brand of the vehicles can affect repair costs, but it's not the most significant factor. The color of the vehicles has no impact on premium calculation. Therefore, the most crucial underwriting guideline for determining the premium is the number of drivers, as this directly affects the risk exposure."
12,B,"The primary purpose of the initial investigation phase in the insurance claims handling process is to assess the validity and extent of the claim, ensuring that the insured's loss or damage is covered under the policy terms before proceeding further."
13,A,"Underwriting guidelines play a crucial role in the insurance industry by assessing and managing risks. These guidelines help insurers evaluate applicants, determine coverage, and set appropriate premiums based on the level of risk involved. Unlike options B (investigating claims) and C (setting premium rates), underwriting guidelines are primarily used during the application process to make informed decisions about who to insure and at what cost. Option D ("
14,C,"The California Department of Insurance (CDI) is responsible for overseeing the regulation and enforcement of insurance laws in California, not the National Association of Insurance Commissioners (NAIC), Federal Insurance Office (FIO), or Securities and Exchange Commission (SEC)."
15,D,"The method that reimburses the policyholder for the cost to replace damaged property with new property of like kind and quality without deducting for depreciation is called Replacement Cost. This is different from Actual Cash Value (ACV), which takes into account depreciation, and Market Value, which considers the current market price of the property regardless of its condition or replacement cost. The ""Greed Value"
16,B,"The principle ""insurable interest"" is a fundamental requirement in California insurance contract law that ensures the insured has a legitimate reason to want to preserve the insured property, as they stand to lose financially if the property is damaged or lost. This principle is directly related to the question's context."
17,C,"Liability coverage is the type of insurance that would typically cover property damage caused by a driver in a delivery service, as it provides protection for damages or injuries to third parties resulting from the insured's negligence. Comprehensive and collision coverages are primarily designed to protect the policyholder's own vehicle, while medical payments coverage is intended to pay for the insured's and passengers' medical expenses, regardless"
18,C,"Exclusions outline the circumstances under which coverage will not be provided, as they specify risks or perils that are not covered by the policy. The Insuring Agreement defines what is covered, while Conditions are general provisions that apply to the entire policy."
19,D,"In the context of an insurance contract, a warranty is a promise made by the insured that certain facts or conditions are true, and if they turn out to be false, it can affect the coverage. This differs from a representation, which is a statement of fact or condition made by either party during the negotiation of the policy. The other options do not accurately describe a warranty in an insurance contract."
20,C,"In a replacement cost policy, the insurer agrees to pay for the cost to replace the damaged property with material of like kind and quality at the time of the loss. However, the policyholder is not typically required to provide an estimate of the property's current market value or purchase additional coverage for full reimbursement. Instead, they are usually required to repair or replace the damaged property (Option A) and submit a"
21,D,"The number of bedrooms in the home is not directly related to wildfire risk, while the other options (architectural style, proximity to a fire hydrant, and color of the home's exterior) may have minimal impact on wildfire risk. However, the location of the home in an area prone to wildfires significantly affects the policy terms and premium due to increased risk of damage from wildfires"
22,B,"Property damage caused by a product manufactured by the business is typically excluded from coverage under a standard Commercial General Liability (CGL) policy in California due to the Product Completed Operations Hazard (PCOH) exclusion, which applies to damages arising out of completed operations. This means that if a product causes property damage after it has been sold or delivered, it is not covered by the CGL policy unless specifically endors"
23,B,"The Business Income endorsement is specifically designed to cover the loss of income and continuing normal operating expenses that result from a suspension of operations due to direct physical loss or damage to property, which includes business interruption. Unlike the other options, it directly addresses the scenario presented in the question."
24,C,"Completed operations liability (COL) is a type of insurance coverage that protects against claims arising from completed work, such as property damage or bodily injury. In this scenario, the subcontractor's negligence resulted in significant property damage to a neighboring property during a construction project. Therefore, Mr Thompson's insurance policy should have Completed Operations Liability coverage to cover the damages caused by the subcontractor"
25,C,"The driving record of the insured is most likely to influence the underwriting decision and premium rate for a personal auto insurance policy because it directly reflects the risk level associated with the driver, which is a significant factor in determining the likelihood of claims."
26,B,"The Division of Workers Compensation within the Employment Development Department (EDD) is responsible for administering the workers' compensation system in California, including overseeing the requirements for employers to provide coverage for their employees. The Occupational Safety and Health Administration (OSHA) focuses on workplace safety regulations, not insurance administration. The California Department of Insurance (CDI) regulates property and casualty insurance, but not"
27,A,"The principle of utmost good faith, also known as the doctrine of utmost good faith, is a fundamental ethical principle in the insurance industry that requires both parties (insured and insurer) to be honest with each other during the transaction. This principle primarily aims to ensure fair treatment of policyholders by insurance companies."
28,C,"Telematics, which involves the use of technology such as GPS devices or mobile apps to monitor driving behavior, is an emerging trend in California's insurance industry that allows for personalized premiums based on individual behavior. This is different from climate risk modeling (D), cyber security Insurance (B), and inserch (A), which do not directly relate to the assessment of individual behavior for personalized premiums."
29,C,"The principle of subrogation allows an insurance company to pursue legal action against a third party who is responsible for the loss, after settling a claim with its policyholder. This enables the insurer to recover the amount paid to the policyholder for the loss. However, options A and D are incorrect because subrogation does not allow the insurance company to cancel the policy or seek reimbursement from the insured directly"
30,B,"The purpose of requiring insurance companies to file rates and forms with the Department of Insurance under California regulations is to protect consumers from unfair pricing practices, ensuring a fair market for all parties involved."
31,C,"The Conditions section of an insurance policy outlines the duties and responsibilities of both the insured and the insurer, including obligations related to claims, notifications, and policy maintenance. Unlike the Declarations Page, which provides policy details such as coverage limits and premiums, or the Insuring Agreements, which describe the risks covered by the policy, Conditions provide a comprehensive overview of the rights and obligations of both"
32,D,"A Commercial General Liability (CGL) policy in California typically covers legal expenses and court costs associated with defending against lawsuits for bodily injury or property damage, as it provides protection for third-party claims of bodily injury, property damage, personal and advertising injury. The other options do not primarily cover these types of incidents."
33,B,"In California, for an insurance contract to be valid, there must be an agreement on the policy limits. This is a fundamental element of any insurance contract and is necessary for both parties to understand their obligations and rights under the agreement. The other options (payment of premium, certification of assets, inspection of property) while important, are not essential for the initial formation of the contract."
34,D,"The age of a roof is a significant factor in underwriting homeowners insurance, while the proximity to fire hydrants is typically considered for assessing potential fire risk, not the condition or age of the roof."
35,D,"The duty to defend provision in a liability insurance policy requires the insurer to provide legal representation for the insured during a lawsuit if there is a possibility that the claim against the insured may be covered under the policy, regardless of whether the insured is eventually found liable. However, the primary purpose of this provision is not to negotiate settlements with claimants; rather, it is to ensure that the insured has legal"
36,B,"Insuring agreements specify the risks for which coverage is provided, and thus they are the section of an insurance policy that specifies the circumstances under which coverage will be provided. Conditions, declarations, and exclusions all play a role in defining the terms of the policy, but only insuring agreements directly address the provision or denial of coverage."
37,C,"The California Department of Insurance (CDI) plays a role in regulating insurance practices by primarily licensing insurance agents and companies, ensuring they meet the state's standards for competence, integrity, and solvency. This helps protect consumers from fraudulent or unqualified insurance providers. Enforcing traffic laws related to insurance (A), setting insurance policy premiums (B), and providing legal representation in insurance disputes ("
38,C,"Climate change, particularly in California where it leads to more frequent and severe natural disasters such as wildfires and floods, increases the risk for property damage. This increased risk results in higher premiums and deductibles for property insurance policies."
39,B,"An insurance underwriter's primary role is to evaluate risks and determine policy terms, which includes deciding whether to issue a policy, setting premium rates, and defining coverage limits based on the assessed risk. This process is crucial in the insurance policy issuance process in California. The other options do not accurately describe the underwriter's role."
40,D,"The purpose of a Reservation of Rights letter issued by an insurance company to its policyholder is to notify them that the insurer is currently investigating the claim, but has not yet made a final decision on whether it will provide coverage. This letter allows the insurance company to reserve its rights to deny coverage if further investigation reveals potential issues or exclusions in the policy. It also requests additional information from the insured to aid in the"
41,B,"Cyber liability insurance is specifically designed to cover losses related to electronic data breaches and cyber attacks, making it the most suitable answer for this question in California. Business Interruption Insurance, Professional Liability Insurance, and Aircraft Insurance do not primarily focus on covering such risks."
42,C,"The Insuring Agreement section of an insurance policy typically outlines the specific risks or perils that the insurer agrees to cover, while Exclusions and Limitations of Coverage specify what is not covered or has limitations in coverage. Declarations and Basic Policy Information are usually found in a separate section providing details about the policyholder, the policy period, premiums, and other basic information. Specific Perils Covered by"
43,C,"The ""duty to defend"" clause in a liability insurance policy requires the insurance company to provide legal defense for the insured when they are faced with a claim or lawsuit that may be covered under the policy, even if it turns out the claim is not valid. This clause typically covers legal defense costs for claims against the insured. The other options do not directly relate to the coverage of legal defense costs."
44,A,"In California, a valid acceptance of an insurance contract offer typically requires the insured to sign the insurance policy document, indicating their agreement to the terms and conditions outlined in the contract. While submitting a claim or paying the policy premium are important aspects of the insurance relationship, they do not constitute the initial acceptance of the insurance contract offer."
45,D,"The principle of disclosure requires insurance agents in California, as well as other states, to provide accurate and complete information to clients regarding insurance products. This principle ensures that the client is fully informed about the coverage they are purchasing, allowing them to make an informed decision."
46,A,"In California, homeowners' credit scores are a significant factor that insurers consider when determining the premium for an auto insurance policy. This is because it is believed that individuals with good credit scores are more likely to be responsible and less likely to file claims. The other factors listed (distance driven annually, number of dependents, level of education) are not typically used in California for auto insurance underwriting."
47,D,"The appraisal clause in an insurance policy is typically used to resolve disputes over claim amounts, not to determine the cause of a loss or to assess the value of damaged property. While it may indirectly help in negotiating settlement terms, its primary purpose is to provide a method for resolving disagreements between the insured and the insurer regarding the amount of the claim."
48,A,"The endorsement section of an insurance policy typically allows for modifications of policy terms, such as changes in coverage, deductibles, or premiums. Transfer of policy ownership and cancellation of coverage are usually separate provisions within the policy, while automatic renewal is a feature that may be included but not necessarily in the endorsement section."
49,B,"The One Fair Claims Settlement Practices Act in California is designed to protect consumers from deceptive or misleading claims handling practices by insurance companies, ensuring fair and prompt settlement of claims."
50,C,"The PO occurrence limit in a liability insurance policy refers to the maximum amount the insurer will pay for a single claim or incident, not the deductible (B), and it's not related to the minimum amount of coverage required by law (D)."
51,D,"The insuring agreements section of an insurance policy in California typically outlines the specific risks that the insurer agrees to cover, as well as the rights and responsibilities of both the insured and the insurer. In contrast, the exclusions section lists the situations or circumstances that are not covered by the policy, while the declarations provide basic information about the policy such as the name of the insured, the policy period, and"
52,B,"The loss ratio, which is the ratio of claims paid to premiums earned, helps assess the profitability of an insurance company by indicating how much of the premiums are being used to pay claims. In California, this information is crucial for evaluating the financial health and solvency of an insurer."
53,D,"The principle of fiduciary duty guides insurance agents and brokers to prioritize the interests of their clients above their own, as they are entrusted with a position of responsibility and must act in the best interest of their clients."
54,D,"The purpose of rate regulation by the California Department of Insurance is to approve insurance premium rates for fairness and solvency, ensuring that insurance companies are financially stable and that consumers are charged reasonable rates."
55,C,"The Declarations page of an insurance policy in California typically includes the names of insured parties and the property or risks that are covered by the policy, as well as other essential information such as policy period, limits of liability, deductibles, and premium amounts. This is a summary of the key elements of the policy, making it easily accessible for both the insured and the insurance company. The Declarations page does not"
56,C,"Technological advancements significantly enhance underwriting and claims processing in the insurance industry by automating many tasks, improving efficiency, and reducing human error. This leads to faster and more accurate decisions, ultimately benefiting both insurers and policyholders."
57,C,"In California, for an insurance contract to be valid, the offer must contain specific terms. This is because insurance contracts are considered offers with definite terms, unlike general discussions or invitations to negotiate terms (A and B). A promise to consider coverage (B) does not constitute a valid offer as it lacks definitive terms."
58,D,"The principle of honesty requires insurance agents to provide honest and accurate information about insurance products and services, ensuring that clients are well-informed and protected from misrepresentation or fraud."
59,A,"The examination under oath in the context of insurance claims is primarily used to assess the insured's credibility, ensuring that the information provided during the claim process is truthful and accurate. This helps in making informed decisions about the validity and value of the claim. While negotiating settlement terms (D) may involve an examination under oath, it is not its primary purpose. Estimating the value of a claim ("
60,A,"The endorsement section in an insurance policy is used to modify or amend policy terms, which allows for adjustments to be made to the original contract between the insured and the insurer. This can include changes to coverage, limits, deductibles, or other provisions of the policy. Unlike options B and C, endorsements do not serve to cancel a policy or renew it automatically. Option D is incorrect because endorsements do"
61,C,"The health status and medical history of an individual are crucial factors in determining the underwriting decision for a life insurance policy, as they provide insights into the insured's life expectancy and potential health risks. While credit history, annual income, and driving record can also influence the underwriting process, they are not typically the primary factors that determine the acceptance or rejection of a life insurance application in California."
62,C,"The duty of disclosure for insurance applicants in California, as per state insurance regulations, is intended to require applicants to disclose all material facts that may affect coverage. This ensures that the insurer has sufficient information to make an informed decision about whether to issue a policy and at what premium rate. It does not involve providing personal financial information or waiving rights to legal action."
63,C,"Climate change, particularly in California where it leads to natural disasters like wildfires and floods, significantly impacts property insurance by increasing the risk and potential losses for insurers. This increased risk can influence how insurers assess risks and price their policies."
64,D,"The principle of loyalty guides insurance agents to avoid conflicts of interest and prioritize client interests, ensuring that the agent acts in the best interest of the client rather than their own or the insurer's interests."
65,D,"Actual cash value typically refers to the depreciated value of the property in property insurance claims, which takes into account the age and condition of the property at the time of loss. This is different from replacement cost or market value, which may not account for depreciation."
66,B,"The Insuring Agreement section in an insurance policy defines the scope of coverage provided, outlining the specific risks or perils that the insurer agrees to cover under the policy terms. This is crucial for understanding what claims will be paid by the insurer. Premium payment terms and claims handling procedures are typically addressed elsewhere in the policy."
67,C,"An insurance score, also known as an insurance risk score or insurance underwriting score, is a statistical tool used by insurers to predict the likelihood of future claims for personal insurance policies such as auto and homeowners insurance. It does not assess financial stability nor evaluate driving records."
68,C,"An endorsement in an insurance policy serves to modify or amend policy terms, not to transfer ownership (D), cancel (A), or renew automatically (B) the policy."
69,C,"In the context of insurance claims, ""subrogation"" (Subreg) refers to an insurer's right to step into the shoes of the insured and seek recovery from any third party responsible for the loss or damage. However, in California, insurers are also obligated to investigate claims thoroughly before pursuing subrogation, making option C the best fit."
70,C,"Emerging risks and exposures often necessitate changes in underwriting guidelines as insurers adapt to new types of risks. This is because these emerging risks may not be fully understood or quantified, requiring adjustments to the underwriting process to account for the increased uncertainty."
71,C,"The legal concept that applies when an insured transfers their right to recover damages to the insurer after the insurer has paid a claim is called Subrogation, not a stle, contribution, or indemnity. In subrogation, the insurer steps into the shoes of the insured and seeks to recover the amount it paid from the party responsible for the loss."
72,B,"The insuring clause of an insurance policy typically specifies the insurer's obligations to provide coverage, outlining the risks that the insurer agrees to cover under the terms of the policy. This is in contrast to other clauses such as the exclusions clause which details the risks that are not covered."
73,D,"The principle of honesty requires insurance agents to act with integrity and disclose all material facts to their clients, ensuring fair and ethical dealings in the insurance industry."
74,B,"Workers Compensation Insurance in California primarily provides medical and wage benefits to employees who are injured or become ill as a result of their job duties, regardless of fault. This insurance is designed to help cover the costs associated with an employee's recovery and lost wages during that time. The other options do not align with the primary purpose of Workers Compensation Insurance."
75,A,"Age and marital status are common factors considered in underwriting auto insurance policies as they can influence risk levels, with younger and single drivers often being perceived as higher risks due to their inexperience or potentially higher likelihood of accidents."
76,A,"The freelook period in California insurance regulations is designed to allow policyholders to cancel the policy and receive a refund, not to offer additional coverage at no extra cost, provide a grace period for premium payment, or permit policyholders to change their coverage options."
77,A,"In California, acceptance of an insurance contract offer by the insured is typically indicated by the payment of the premium. While other actions such as signing the policy document or a verbal agreement may also be involved, they are not considered the primary form of acceptance. Receiving a policy renewal notice does not constitute acceptance of a new contract offer."
78,C,"A Reservation of Rights letter is sent by an insurer to a policyholder to reserve the right to deny coverage, allowing them to continue investigating the claim while still providing some initial coverage or protection to the policyholder."
79,A,"Advancements in technology, such as AI and machine learning, can significantly reduce the need for manual underwriting by automating risk assessment processes. This leads to faster and more accurate decisions, which ultimately benefits both insurers and policyholders."
80,A,"The Declarations page of an insurance policy typically includes policy endorsements and amendments, which are changes made to the original policy contract. This page provides a summary of the coverage details such as policy period, type of coverage, premiums, deductibles, and limits of liability. Claims handling procedures and policy holder's contact information would be found elsewhere in the policy or in separate documents."
81,D,"The principle of loyalty guides insurance agents to avoid conflicts of interest and act in the best interests of their clients, ensuring they prioritize the client's needs over their own or those of the insurer."
82,C,"The Fair Claims Practices Regulations in California are designed to ensure fair treatment of policyholders by requiring insurers to promptly and fairly handle claims, provide regular updates on claim status, and adhere to specific standards during the claims process. This regulation does not directly aim at preventing insurance fraud or reducing premiums, but rather focuses on maintaining a fair relationship between insurers and their policyholders."
83,C,"The duty to defend provision in California's liability insurance policies requires the insurance company to provide a legal defense for the insured when a claim is made against them that might be covered by the policy, even if the ultimate liability is still uncertain. This ensures that the insured has adequate representation during the litigation process, protecting their interests and potential coverage under the policy."
84,D,"Underwriting guidelines in California play a crucial role in evaluating and managing risks during the insurance underwriting process. These guidelines help determine the acceptability and conditions of an insurance risk, which is essential for pricing and coverage decisions."
85,C,"Regulatory changes often introduce new laws or modify existing ones, which can affect the terms and conditions of insurance policies. This requires insurers to make adjustments in their policy terms to comply with the new regulations."
86,D,"Standard liability insurance policies in California, as well as most states, typically exclude coverage for property damage (such as business interruption losses) to the insured's own property. This is because liability insurance is designed to cover damages caused to third parties, not the policyholder's own property. Bodily injury to third parties and legal defense costs are usually covered under a liability policy."
87,C,"The exclusion section of an insurance policy outlines what events, circumstances, or types of losses are not covered by the policy. This is a crucial part of understanding the scope and limitations of coverage in California P&C policies."
88,C,"The California Insurance Guarantee Association (CIGA) is established to compensate policyholders of insolvent insurers, ensuring that they receive a portion of their covered property and casualty insurance policy benefits when their insurer becomes insolvent or goes out of business. This fund does not reduce premiums, reimburse fraud losses, or provide additional coverage beyond policy limits."
89,A,"Endorsements in an insurance policy refer to additional provisions or modifications added to the original contract, which alter or extend the coverage of the policy. These can be used to add, delete, or modify policy terms and conditions."
90,A,"The Loss Control Function plays a crucial role in insurance underwriting by assessing and managing risks. This function helps identify potential hazards or risks that could lead to losses, allowing insurers to adjust premium rates accordingly or implement risk management strategies to mitigate these risks. Investigating claims (B) is the role of the Claims Department, setting premium rates (C) is the role of Actuarial Services, and providing"
91,D,"The principle of disclosure guides insurance agents to provide accurate information about insurance products and services, ensuring that clients are fully informed before making decisions. This is crucial in maintaining ethical standards and fostering trust between the agent and the client."
92,B,"Climate change, particularly in California, often leads to increased frequency and severity of natural disasters such as wildfires and floods. This increase in risk translates to higher underwriting guidelines for property insurance companies, as they adjust their risk assessment and pricing accordingly to account for the enhanced potential for catastrophic losses."
93,B,"The principle of loyalty requires insurance agents to act in the best interests of their clients, which includes disclosing any conflicts of interest that may affect the client's decision-making process."
94,A,"Subrogation (A) is a method used by an insurer to recover the amount paid to policyholders for their losses from the party responsible for causing those losses. It does not determine coverage limits or investigate the cause of losses, nor does it assign liability to third parties in the insurance claims process."
95,C,"Conditions A section of an insurance policy typically includes the policyholder's duties and responsibilities, such as providing accurate information during the application process, paying premiums on time, and cooperating with the insurer during claims investigations."
96,D,"The Declarations page in an insurance policy is primarily used to define the scope of insuring agreements, which includes details such as the policy period, the type and amount of coverage, deductibles, premiums, and the named insured. It does not typically outline policy exclusions or summarize policy endorsements."
97,B,"A Commercial General Liability (CGL) insurance policy in California primarily covers third-party bodily injury, property damage, and personal and advertising injury claims that arise due to the insured's operations, products, or completed operations. Employee health benefits are typically covered under Workers' Compensation policies, Business Interruption losses require a separate Business Interruption insurance policy, and product recall expenses can be covered by a stand"
98,A,"The legal concept that applies when an insured transfers their rights to recover losses to the insurance company is called indemnity. This is because, through the process of indemnification, the insurance company compensates the insured for any covered losses and assumes the right to pursue recovery from third parties if applicable."
99,A,"Loss control measures are implemented to assess and manage risks, which is a crucial part of the insurance underwriting process. They help insurers identify potential hazards and implement strategies to mitigate them, ultimately reducing the likelihood of losses. This risk assessment directly impacts the underwriting decision and can influence premium rates, but it does not provide legal advice or investigate claims."
100,D,"The Insuring Agreements section in an insurance policy defines the specific risks or perils that the insurer agrees to cover under the policy, thereby outlining the scope of coverage for the policyholder. This is crucial as it sets the boundaries for what claims will be paid by the insurer."
101,B,"Personal Liability Coverage (Coverage E) of a standard HO-3 homeowners policy provides coverage for Bodily Injury Liability, which protects the homeowner from financial responsibility if someone is injured on their property and decides to sue."
102,C,"A non-admitted company, also known as a surplus lines insurer, is an insurance company that is not licensed or approved by the state's department of insurance to write certain types of coverage. Alien companies are foreign insurance companies operating in the U.S., and bailee refers to someone who is temporarily holding property for another person."
103,A,"Improvements and Betterments refer to any alterations made by an insured to their property that increase its value or usefulness, such as installing wall-to-wall carpeting over hardwood floors in a condominium unit. These improvements are typically not covered under the basic insurance policy for the unit but may be covered if specifically included in the association's master policy or through an endorsement. Common property is covered"
104,B,"A binder is a preliminary agreement issued by an insurance company, usually valid for 30-45 days, which provides proof of coverage while the application is being processed. It can be used to show proof of homeowner's insurance on the date of closing, even if the policy has not yet been officially issued. Coinsurance, declarations, and good faith are not relevant in this context."
105,D,"The insured's actions of misrepresenting the occupancy status of their rental property can be considered a breach of representation, as they provided false information to the insurance agent about the property's status."
106,C,"To get coverage for potential water backup in their basement, the homeowner would need to add an endorsement to their existing homeowner's policy. Water backup is not automatically covered under standard HO policies and requires additional coverage through an endorsement or separate policy."
107,C,"The concept of concurrent causation in insurance refers to multiple perils causing a loss simultaneously, and determining which peril is the predominant cause. Legal liability does not directly cause a loss but rather deals with obligations and responsibilities arising from wrongful acts or negligence, making it relevant when considering the predominant cause among multiple perils that led to the loss. The other options do not relate to con"
108,A,"Ancillary costs, which include expenses incurred by an insured to defend against a claim, are covered under a liability policy aside from the costs paid for any injuries or damages. Aleatory costs, supplemental costs, and consequential costs do not directly relate to the coverage provided by a liability policy."
109,B,"Michelle's unendorsed special form HO-3 homeowners' policy does not cover damage to other people's property (excluding certain exceptions). However, her $1 million-dollar personal umbrella policy typically provides additional coverage for claims that exceed the limits of her underlying policies. In this case, since the damage caused by Michelle's tree is likely beyond her HO-3 policy limits, her neighbor"
110,C,"A catastrophe is a large-scale disaster, not something that increases the likelihood of a loss. Hazards are physical conditions or events that have the potential to cause damage or harm, making them factors that increase the likelihood of a loss."
111,D,"Arbitration is a method of resolving disputes outside the court system, often used in insurance claims to minimize small claims and potentially lower premiums by avoiding lengthy and costly litigation. Coinsurance, transfer of risk, and deductible are not directly related to minimizing small claims or lowering premiums."
112,D,"The HO-5 policy is a comprehensive form that provides coverage for all perils unless specifically excluded, making it more flexible and suitable for various types of dwellings, including rental properties or seasonal homes. It is not primarily designed for owner-occupied dwellings."
113,D,"Compensatory damages are designed to compensate the injured party for actual losses, such as medical expenses or lost wages. They can be further divided into two categories: special (actual) and general damages. Punitive damages are a separate category intended to punish the wrongdoer and deter similar behavior in the future. Broad damages refer to damages that are not easily quantifiable or categorized."
114,B,"The umbrella policy has a limit of $1,000,000 and requires underlying auto limits to be $250,000 per person for bodily injury. Since the jury awarded $950,000 in damages, with only $150,000 being for property damage, the umbrella policy will cover the remaining $800,00"
115,A,"Comprehensive coverage, also known as other-than-collision coverage, provides protection for damages caused by events other than a collision, such as damage from animals like deer. Medical payments and liability coverages do not apply in this scenario because they are designed to cover injuries to others or the policyholder's legal responsibilities, not property damage to the insured vehicle. Collision coverage is intended for damages resulting from a"
116,A,"Moral hazard refers to a situation where a party protected from risk intentionally acts in a risky way for personal gain, which is the scenario described in the question. Physical hazard, legal hazard, and morale hazard do not fit this description."
117,C,"Riots and civil commotion are typically not covered as a basic peril in standard homeowners' insurance policies, unlike fire or smoke, vandalism, and falling objects which are common coverages."
118,D,"A dp-3 policy pays for losses to the structure at replacement cost, not actual cash value."
119,D,"The home in question lacks modern amenities such as electricity, heating, air conditioning, and plumbing, making it a historic or older home that requires a specific policy - HO-8. This policy provides coverage for 10 standard perils but with limited coverage for certain systems and appliances due to the age of the property."
120,A,"The incident involves injuries to the driver and a passenger, which falls under the coverage of Medical Payments or Personal Injury Protection (PIP) in a personal auto insurance policy. This coverage is designed to pay for medical expenses, regardless of fault, for the driver and passengers of the insured vehicle. Collision coverage applies when the insured vehicle collides with another object"
121,B,"While a cyber liability insurance policy typically covers costs associated with data breaches, such as forensic investigations and crisis management expenses, it does not usually cover direct financial losses like the loss of sales."
122,D,"Hail damage to vehicles is typically not covered under Commercial General Liability policies, and it's not the responsibility of each car owner's personal auto policy since the damage occurred on the employer's property. The employer's Commercial Auto policy would only apply if the cars were being used for business purposes at the time of the loss, which is not indicated in the question. Therefore, nothing would respond to the loss as h"
123,C,"The Dwelling Policy Form DP-1 covers damage to the dwelling caused by specific perils, including weight of ice, snow, or sleet (HO-1 exclusion 1). Since George's roof and interior walls are part of the dwelling, the $15,000 for roof damage and $10,000 for interior wall damage"
124,A,"Deb was using her personal vehicle for a personal errand (making a deposit for Jenny's flowers) at the time of the accident, making her personal auto policy responsible for the loss. The business owner's policy and commercial auto policy for Jenny's shop do not apply in this scenario as they are intended to cover business-related activities, not personal ones. The bank's commercial liability policy would not be involved since the"
125,B,"The incident involves damage to property (the utility pole and the steakhouse) during transportation of equipment (crane), which is covered under Commercial Inland Marine insurance policy."
126,D,"A HO-3 Homeowners Policy provides coverage for personal property within the home, but it also extends to personal property anywhere in the world, not just North America (as per option A) or limited to specific countries like the United States, Canada, and Mexico (as per option C). Option B is incorrect because it only covers the United States."
127,A,"The bulldozer is not a vehicle, but a piece of equipment. Since it was stolen from a job site and not during transit on a public road, the Commercial Auto policy does not apply. The Commercial Property policy would only cover losses at Hank's office or yard, not at a job site. Therefore, the loss should be covered under the Commercial Inland Marine policy, which provides coverage"
128,A,"A warranty is a statement made by the insured to the insurer that is material to the risk being insured. If the warranty is untrue, it can void the policy because it misrepresents the risk being taken on by the insurer. Estoppel, waiver of subrogation, and other terms do not relate directly to a statement of fact made by the insured that could potentially void the policy if"
129,A,"The provision described, which outlines the insurance company's obligations to pay for losses according to the policy, defend the insured in a liability lawsuit, and provide certain other services, is most accurately referred to as an ""insuring agreement."" This term specifically refers to the part of an insurance policy that outlines the coverage provided by the insurer."
130,D,"Notifying the police is not typically a duty of the insured after a loss in an insurance contract, unless specifically required by the policy or applicable law for certain types of losses (e.g., theft). The primary duties of the insured are to notify the insurance company promptly, protect the property from further damage, and cooperate with the insurance company during the claims process."
131,C,"Since the couple converted their passenger van into a camper van and live in it as their primary residence, they need coverage for both the vehicle and their personal belongings. RV insurance is designed to cover such situations, providing comprehensive protection for motorhomes, travel trailers, fifth wheels, and other recreational vehicles. Homeowner's insurance is not appropriate because they no longer own a home, and auto insurance typically does"
132,A,"All drivers of fleet vehicles on a commercial auto policy are typically considered employees or authorized drivers, and they are automatically covered under the policy. No additional coverage is needed for them specifically."
133,B,"A pair-and-set clause, also known as a ""new for old"" provision, specifies that the insurance company will pay to replace a lost or damaged item with a new one of equal value, restoring it to its original state before the loss. This is different from indemnification (A), which refers to the principle of making good any financial loss sustained by another; severability (C) pertains to"
134,D,"War is not typically an exclusion under a HO-3 homeowners' policy. Earth movement (like earthquakes), neglect, and theft are common exclusions in this type of policy."
135,A,"The policy was terminated due to non-payment of premiums by the insured, which is a direct result of the cancellation provision in an auto insurance policy."
136,C,"The given statement suggests that the form is related to the ownership of specific items, which aligns best with 'proof of loss', as it is a document provided by an insured party to prove their loss in case of an insurance claim."
137,A,"Subrogation allows an insurer to recover the amount paid for a loss from another party who is legally responsible for that loss. In this case, since the other driver was given a citation by police, they are likely considered at fault. The insurance company can now seek recovery of its claim cost from the at-fault driver's insurance company through subrogation."
138,B,"A proof of loss is a document that details the damaged or destroyed items in an insurance claim, providing evidence to support the claim's validity and the insured's potential loss."
139,D,"The Declarations section of an insurance policy typically includes information about the named insured, such as their name and address, along with other details like policy period, coverage limits, and premium amounts. This is in contrast to the Conditions and Exclusions sections, which do not usually contain this type of identifying information for the named insured. The Insuring Agreement section outlines the coverage provided by the insurance company, but it"
140,B,"An insurance policy is a contract between the insured and the insurer. While agents may be involved in the process of purchasing or managing the policy, they are not parties to the contract itself. Third parties, such as claimants, may also interact with the policy but do not form part of the original contract."
141,B,"The Business Owner's Policy (BOP) typically includes coverage for ""advertising injury,"" which can protect a business from claims arising from advertising content that slanders or libels another party, as in this case where Eric's bike shop is being sued for disparaging Mike's bikes. Loss of income, copyright coverage, and professional liability do not directly apply to the situation described in the question"
142,B,"The personal auto policy typically provides coverage for transportation expenses at a rate of $20 per day up to a maximum limit. This limit is usually specified in the policy and can vary between insurers. However, common limits often range from $500 to $1,000. Given that the daily expense is $20, the total coverage for transportation expenses would be calculated as follows: Total Coverage = Daily Exp"
143,D,"In California, for commercial general liability policies, an insurer is required to provide a notice of non-renewal at least 90 days before the policy expiration date, as per Insurance Code Section 552(b)(1)."
144,C,"Workers' compensation is a type of insurance that provides wage and medical benefits to employees who are injured or become ill as a result of their job duties. It is mandated by each state, and the specifics of coverage can vary from state to state. The other options (group medical, general liability, loss of use) do not fit the description provided in the question."
145,A,"The homeowner cannot seek coverage from the agent's personal policies (general liability, personal umbrella) as they are not designed to cover errors and omissions by the agent. Instead, the homeowner can seek coverage under the agent's professional liability policy, which is intended to protect against claims arising from negligence or mistakes in the performance of professional duties. The mortgage company did not require home insurance from the agent"
146,B,"A fidelity bond is a type of insurance that protects an employer against losses caused by dishonest acts of employees, such as theft or embezzlement. Since Mr. Smith's employee was stealing money from the cash register, and he had purchased a bond to protect his business from this type of criminal activity, it is most likely that he purchased a fidelity bond."
147,A,"The farm owner's policy primarily focuses on covering the farm-related assets and liabilities, not the farmer's personal property or residence (their home). Therefore, option A (the farmer's home) is the exception in this scenario."
148,A,"Garage Liability insurance is designed to protect auto mechanics and repair shops from financial losses due to third-party injuries or property damage that occur on the premises, such as a customer slipping and falling on an oil spill. Commercial Auto Insurance covers vehicles, not premises liabilities like this incident. Garage Keepers Insurance covers damages to vehicles while they are in the garage's care, custody"
149,A,"In a bond, the three parties are the obligee (the entity that requires the bond), the principal (the individual or entity who is bound by the terms of the bond), and the surety (the entity that guarantees the performance of the principal)."
150,C,"The government's road closure will cause a disruption to the business operations, leading to lost income. Business Interruption insurance covers the loss of income that a business suffers after a disaster (such as a road construction) that disrupts its normal operations. Ordinance or Law coverage is for additional expenses incurred due to enforcement of building codes and regulations, Commercial General Liability does not cover business income"
