question_number,option,reason
1,A,"The ""replacement cost"" endorsement is a common endorsement added to a standard homeowner's insurance policy in California to provide additional coverage for high value items. This endorsement provides coverage for the replacement or repair of specified items, such as jewelry, artwork, and electronics, up to the replacement cost of the item. The ""scheduled personal property"" end"
2,A,"The scenario based question asks for Mr Davis's best course of action following the incident, and ""immediately repair the wet Flo and resume business operations"" is the correct answer. This option ensures proper handling of the claim by taking immediate action to fix the damage and continue operating the restaurant."
3,A,"According to California Insurance Code Section 10125, the element of consideration is required for the formation of a valid insurance contract in California. The offer and acceptance are the two essential elements of a valid insurance contract. Therefore, option ""A"" is the correct answer."
5,A,"The adjust estimates the repair costs of $50,000 but Mrs Martinez has found a contractor who can do it for $40,000. Under the terms of her policy, Mrs Martinez will likely pay $45,000 as a compromise between the two estimates."
6,A,"Based on the given question, the most likely answer is D as it is a factor that is typically considered during the underwriting process for commercial property insurance in California. This factor can impact the premium charged and the coverage provided by the policy."
7,A,"Based on the passage, the question asks about the most appropriate type of property insurance policy for homeowners, business owners, or personal articles flatter dwellings. The answer is C, which refers to personal articles flatter dwellings. This is because personal articles flatter dwellings are typically covered under a separate policy from other types of property insurance policies."
8,A,"Based on California's workers compensation laws, Thompson should file a worker's compensation claim with her insurance company since Alex did not follow proper lifting procedures. This will ensure that Thompson is compliant with the law and can cover Alex's medical expenses out of pocket or file a claim for reimbursement."
9,A,"The policy structure and components in California that part of an insurance policy contains information about the insured, property covered, and policy limits. This is a crucial aspect of California P&C licensing exam preparation as it helps candidates understand the nuances of the exam questions."
10,A,"The question asks for the coverage determinations in California, and option B is the most common one. This means that bodily injury to customers, property damage caused by the insurance product, employee injuries, and personal and advertising injury are typically covered under a commercial general liability (CGL) policy in California."
11,A,The most appropriate action for Mr Green to take in this scenario is to encourage the client to sign the policy quickly to lock in the rates. This will ensure that the client has access to the benefits of the policy and avoids any potential issues with the premium.
12,A,"The color of the vehicles is most crucial for determining the premium of a commercial auto insuraNCe policy in California, as it affects the risk assessment and pricing strategy. This factor can influence the number of drivers, type of fuel used by the vehicles, and brand of the vehicles, among others."
13,A,"The primary purpose of the initial investigation phase in California claims handling process is to determine the insured's premium payment history, assess the validity and extent of the claim, and review the insuraNCe policy's exclusions."
14,A,"The role of guidelines in the insurance industry in California is to provide legal advice and set premium rates, as well as assessing and managing risk and investigating claims. These guidelines are essential for insurers to ensure they are providing fair and reasonable coverage to their customers while also ensuring that they are not overpaying for policies."
15,A,"According to the passage, NC is responsible for overseeing the regulatory and enforcement of insurance laws in California. The answer choices are based on this information."
16,A,"The sewer backup endorsement can be added to homeowner's insurance policy in California year to provide coverage for damage due to sewer backup, which is a natural disaster that occurs when water from underground pipes or tunnels flows into a building. This endorsement provides additional protection against the damages caused by sewer backup, such as flooding and water damage."
17,A,"Based on scenario, the customer slips on a wet floor and sustains injuries. The customer claims that the floor was not marked with a warning sign. Ms Hernandez's commercial general liability (CGL) policy includes premises liability coverage. The insurance company will likely deny the claim because the floor is wet, but they may cover the claim under premises liability"
18,A,"The greed value is a more accurate valuation method for property in California, as it takes into account the current market value of similar properties and their potential to increase in value over time. This method also considers the policy holder's investment in the damaged property, which can be deducted from the cost to replace with new property."
19,A,"The fundamental principle of insurancce contract law in California that requires the insured to have a legitimate interest in the preservation of the insured property is A. Indemnitity. This principle ensures that the insurer has a duty to protect the insured's property from loss or damage, and that the insured has a right to recover damages for such losses."
20,A,"According to California P&C licensing exam guidelines, comprehensive coverage is the most appropriate option for Mr Johnson's delivery service in case of an accident involving his driver's vehicle. This type of insurance covers damage caused by theft, vandalism, fire, and other perils that may occur during transportation. In this scenario, Mr Johnson's liability coverage would not be sufficient to cover the dam"
21,A,"The California P&C licensing exam requires passing a section of an insurance policy that outlines the circumstances under which coverage will not be provided. This section is called ""exclusions"" and it can be found in Section 102 of the Insurance Code."
22,A,"The underwriting process for a homeowner's insurance policy in California is likely to consider factors such as the age of the home, the homeowner's occupation, and the location of the Home. These factors are less likely to be considered during the underwriting process for a homeowner's insurance policy due to the importance placed on other factors like the home's construction materials."
23,A,"The actual casualty value of the damage is estimated at $20,000, while the roof repair is estimated to be done within 10 years. The policy provides for a sea provision of $20,000, which means that the insurance company will pay up to this amount for the damaged property. In this case, Mr Rodriguez's homeowner"
24,B,"The insurance contract in California includes warranties, which are statements of fact or conditions that must be true for the policy to be valid. This option best describes a warranty in the context of an insuraNCe contract."
25,A,"Based on the passage, option B is the most appropriate answer as it provides a clear and concise explanation of the required criteria for receiving full reimbursement for a covered loss. The short sentences provided in the reason section provide a brief overview of the policyholder's options and their requirements."
26,A,"Based on scenario, Ms Jackson is applying for homeowner's insurance in California at her home located in an area prone to wildfires. The most likely underwriting consideration that will affect her policy terms and premium would be the home's architectural style."
27,A,"The standard commercial general liability (cgl) policy in California typically excludes bodily injury to customers on the business premises, property damage caused by a product manufactured by the business, injuries to employees while performing work-related tasks, and personal and advertising injury liability."
28,A,"The Equipment Breakdown Endorsement can be added to a commercial property insurance policy in California to protect against losses due to business interruption caused by equipment failure or damage. This endorsement provides coverage for the repair, replacement, or restoration of damaged or destroyed equipment as a result of an event that causes a loss."
29,A,"Based on the scenario, Mr Thompson's insurance policy should have coverage for damages caused by the subcontractor's negligence as it is a covered peril under the policy. The short sentences provided in the output format are:"
30,A,"Based on the information provided, the most likely factor that influences the underwriting decision and premium rate for a personal auto insuraNCe policy is the color of the car. The color of the car is considered a significant risk factor as it can affect the appearance of the vehicle and its overall value, which could potentially impact its resale value in the future. Additionally, the type of fuel the car uses"
31,A,The California Department of Insurance (CDI) administers the workers compensation system and oversees the requirements for employers to provide coverage for their employees.
32,A,The primary purpose of the principle of utmost good faith (Utmost Good Faith) in California is to ensure fair treatment of policy holder's by insurance companies. This principle encourages insurers to offer competitive premiums and protect insurance agents from legal liabilities.
33,A,"The use of technology to assess risk and personalize insuraNCe premiums based on individual behavior is a significant emerging Trend in California's insuraNCe industry. This Trend involves the integration of data analytics, machine learning, and artificial intelligence to provide tailored insuraNCe solutions for policyholders. It also involves the use of predictive modeling to forecast future"
34,A,The principle of subreg allows an insuraNCe company to do any of the following after settling a claim with its policy:
35,A,"The purpose of requiring insurance companies to file rates and forms with the Department of Insurance is to ensure consistent premium rates across different insurer's, simplify the insurance purchasing process for consumers, and reduce competition among insurers."
36,A,The component of an insuraNCe policy in California that specifies the duties and responsibilITIES of both the insured and the insurer is the INSURING AGREEMENTS.
37,A,"The casualty insurance type of policies that typically cover legal expenses and court costs associated with defending against lawsuits for bodily injury or property damage in California is the umbrella liability policy, followed by director and officers liability policy Cs and omissions policy."
38,A,"The element of insuraNCe contract formation in California is the payment of the policy premium, which is necessary for the formation of a valid insuraNCe contract."
39,A,"The principle of a fiduciary duty requires insurance agents to prioritize serving the best interests of their clients over maximizing their commission earnings, following state regulations only, and marketing InsuraNCe products aggressively. These actions align with the ethical standards set forth by the California Department of Insurance (CDI) and demonstrate a commitment to providing high-quality"
40,A,"The age of the roof is not typically considered during the underwriting process for homeowner's insurance in California, as it is not a factor that affects the likelihood or severity of damage."
41,A,"The primary purpose of the duty to defend a provision in a liability insurance policy is to investigate claims and determine liability, as mentioned in Question 41."
42,A,"The section of an insurance policy that specifies the circumstances under which coverage will be provided or denied is called the ""conditions"" section. This section outlines the specific terms and conditions for the insurance policy, including exclusions, limitations, and other provisions."
43,A,"The California Department of Insurance (CIA) plays a significant role in enforcing traffic laws related to insurance, setting insurance policy premiums, licensing insurance agents and companies, providing legal representation in Insurance dispute."
44,A,"According to a recent study, climate change has already had a significant impact on California's property insurance market. The study found that the state's average temperature is expected to increase by up to 2 degrees Celsius by the end of the century, which could lead to an increase in natural disasters and damage to homes and businesses. This, in turn, could result in higher premiums for insurers and a"
45,A,"Based on the passage, the role of an insurance underwriter in California's insurance policy issuance process is to evaluate risk and determine policy terms. This is a crucial step in the overall insurance process as it helps insurers determine how much premium they can charge for their products and services. The underwriter also advises clients on insuraNCe coverage options, which includes determ"
46,A,"The purpose of the reservation of rights letter issued by an insurance company to its policy holder is to deny coverage for the claim, confirm coverage and initiate payment. This letter outlines potential coverage issues or exclusions and requests additional information from the insured."
47,A,"Based on the passage, option B is the best choice for answering Question 47 as it specifically covers losses related to electronic data breaches and cyber attacks. This type of insurance policy is designed to provide coverage for damages caused by such events."
49,A,"The Workers Compensaction InsuraNCe for injured employees in California typically covers medical expenses, legal fees, and court costs. These benefits can help injured employees recover from injuries sustained while working and cover the cost of necessary medical treatment, legal fees, and property damage and repair costs."
50,A,"The insuring agreement section typically outlines the duties and responsibilities of both parties, specific periils covered by the policy, exclusions and limitations of coverage, and declarations and basic policy information. These sections are crucial for understanding and interpreting an insurance policy in California."
51,A,"The casualty insurance policy typically covers legal defense costs for claims against the insured, which is a provision in the liability insurance policy. This provision ensures that the insurer will defend the insured against any legal action brought against them."
52,A,"Based on California P&C licensing exam guidelines, option B is the best option to give for valid acceptance of an insuraNCe contract offer. This option involves mutual agreement on policy terms and submission of a claim."
53,A,"According to California Insurance Code Section 1706, insurance agents in California are required to provide accurate and complete information regarding insurance products to clients. This requirement is based on the principle of Indemnity, which requires insurers to protect their policyholders from losses caused by their policies. The principle of Subreg also applies, as it requires insurers to disclose"
54,A,"Based on California P&C licensing exam guidelines, the most commonly considered factors by insurers when determining the premium for an auto insurance policy are homeowner's credit score (A), distance driven annually (B), and number of dependent(s) (D)."
55,A,"The appraisal clause in an insuraNCe policy typically serves a role in determining the cause of loss, as it is intended to assess the value of damaged property and determine the amount of claim amounts. This clause can also be used to negotiate settlement terms or resolve dispute over claim amounts."
56,A,"The endorsement section of an insurance policy allows for the modification of policy terms, cancellation of coverage, automatic renewal of policies, and transfer of policy ownership. These options are all covered under California insurancce regulations."
57,A,"The purpose of the One Fair Claims Setttlement Practices Act is to regulate Prem rates for insurance policies, protect consumer's from deceitful claims handling practices, and establish guidelines for underwriting insurance policies."
58,A,"The PO occurrence limit refers to the deductible amount that the insured must pay per claim, which is the maximum amount the insurer will pay for all claims during the policy period."
59,A,"The section that typically outlines the rights and responsibilities of both the insured and the insurer in California is the ""Insurance Policy"" section, which is found under Section 1705.20 of the Insurance Code. This section provides a detailed breakdown of the terms and conditions of the policy, including exclusions, limitations, and coverage limits."
60,A,"Based on the passage, option B is the most appropriate answer as it explains how the loss ratio plays a crucial role in underwriting and assessing the profitability of an insurance company. The passage also mentions that the loss ratio determines the premium calculation for each policy holder, evaluates the financial stability of an insurer, and establishes guidelines and rating factors."
61,A,"According to the passage, the ethical principle that guides insurance agents and brokers in California is the principle of Indemnity. This principle states that an agent or broker should act in the best interests of their client, which includes prioritizing the interests of their client above their own."
62,A,"The purpose of rate regulation by the California Department of Insurancce is to ensure insuraNCe policies are affordable for consumerS, establish uniform insuraNCe policy terms and conditions, and approve insuraNCe premium rates for fairness and solvency."
63,A,"The purpose of the reservation of rights letter issued by an insurance company to its policy holder is to confirm coverage and initiate payment for a claim, as mentioned in Question 63."
64,A,"The Declaration page of an insuraNCe policy typically includes detailed policy terms and conditions, premium payment schedule, names of insured parties and property covered, and claims handling procedures. These sections are crucial for understanding the insurance coverage provided by the policy and ensuring that the insured party is aware of their rights and responsibilities under the policy."
65,A,"Technological advancement impacts the insurance industry in California by reducing the need for insurance agents, increasing insurance fraud, enhancing underwriting and claims processing, and increasing insurance premiums."
66,A,"Based on the given material, the most important factor that influences the underwriting decision for a homeowner's insurance policy in California is the location of the property. The other factors mentioned are not as significant in determining the underwriting decision."
67,A,"The first option letter ""A"" is the most appropriate choice for this question as it includes the phrase ""an invitation to negotiate terms."" This indicates that the insurance company has offered to discuss coverage options with the policyholder. In contrast, the second option letter ""B"" does not include any mention of a proposal or specific terms, which suggests that the insurance company is not offering any concrete information"
68,A,"The question asks for the type of casualty insuraNCe policy in California typically covers legal liabilities arising from bodily injury or property damage caused by an insuraNCe negligence. Answering ""A"" would mean that the answer is a comprehensive general liability policy, while answering ""B"" would mean that it's a business Interruption policy, and so on."
69,A,"According to California Insurance Code Section 10235, insurance agents are required to provide honest and accurate information about insurance products and services. The ethical principle requiring insurance agents to provide honest and accurate information is the principle of Indemnity."
70,A,"The purpose of the examination under oath in the context of insurancce claims is to assess the insured's credibility, determine the cause of the loss, and negotiate settlement terms."
71,A,"The purpose of the endorsement section in an insuraNCe policy is to modify or amend policy terms, cancel the policy policy, or transfer ownership of the policy. These endorsements are necessary for insurers to provide additional coverage or protection to their customers."
72,A,"Based on the given material, the most important factor that influences the underwriting decision for a life insurance policy in California is the annual income of the insured. The credit history and medical history are not considered as significant factors in this context."
73,A,"The purpose of the duty of disclosure for insurance applicants under California insurance regulations is to ensure accurate premium calculation, provide personal financial information that may affect coverage, and disclose material facts that may affect legal action."
74,A,"Based on the passage, the question asks about how climate change impacts property insurance in California. The answer ""increases availability of coverage"" is the best option based on the given text."
75,A,"The principle of Indemnity, which requires insurance agents to act in the best interest of their clients and avoid conflicts of interest, is the most relevant ethical principle guide for insurancce agents in California. By prioritizing client interests, agents can avoid potential conflicts of interest that could harm their clients' interests or reputation. This principle also emphasizes the importance of maintaining a professional and"
76,A,"The term ""actual cash value"" in California property insurance claims typically refers to the replacement cost of the property, which is the amount it would take to rebuild the property with new materials and labor."
77,A,"The purpose of the insuring agreement section in an insuraNCe policy is to outline policy exclusions and limitations, define the scope of coverage provided, establish premium payment terms, and specify claims handling procedures."
78,A,"The insurance score plays a crucial role in the underwriting process for personal insurance policies in California. It assesses the insuraNCe's Financial Stability, evaluates the insuraNCe's driving record, predicts the likelihood of insuraNCe claims, and determines the insuraNCe credit within US."
79,A,"The purpose of an endorsement in an insuraNCe policy is to add additional coverage or modify existing policy terms, as per the California Insurance Code. Endorsements can be used to cancel the policy, renew the policy automatically, or modify or amend policy terms."
80,A,"The subreg referred to in the context of insuraNCe claims is the Insurance Code Section 1023, which governs the handling of insurance claims. This section provides that an insurer has a duty to promptly investigate and settle SLERs (second-lien equity releases) and SLRs (second-lien reinsurance) claims. The"
81,A,"The emerging risks and exposures in the insurance industry, such as climate change, cybersecurity threats, and data breaches, can significantly impact underwriting in California. These risks require new underwriting guidelines that take into account the potential impact on premiums. By simplifying risk assessment and increasing competition among insurers, these emerging risks and exposures can help to lower insurance premiums for"
82,A,"The legal concept applicable when an insuraNCe policy older transfer their right to recover damage to the insurer after the insurer has paid a claim is ""a stle"" (California Insurance Code Section 1706.5)."
83,A,The insuring Clause of an insurance policy typically specifies the following:
84,A,"According to California P&C licensing exam guidelines, insurance agents are required to act with integrity and disclose all material facts to their clients. This requirement is covered under the principle of ""Indemnity"" (A), which requires agents to protect their policyholders from losses caused by their own negligence or misconduct. The principle of ""Subreg"" (B"
85,A,"The primary purpose of Workers Compensaction Insurance in California is to provide medical and wage benefits to employees injured on the job, as well as cover property damage caused by employees at the workplace."
86,A,"Based on the given question, the most common factor considered in underwriting auto insurance policies is the insured's age and marital status. Age and marital status are two significant factors that can impact an individual's driving behavior and risk of accidents. Additionally, the type and model of the vehicle, as well as the number of years in the insurance industry, may also be considered in under"
87,B,"The purpose of the freelook period is to allow policy holders to cancel the policy and receive a refund or additional coverage at no extra cost, as per California insurance regulatory laws. This allows policy holders to evaluate the policy's coverage options before committing to it."
88,A,"The Acceptance in California of an insurance contract offer by the insured is the signing of the policy document, verbally agreed with the agent, or receiving the policy renewal notice."
89,A,The purpose of the reservation of Rights letter sent by an insurer to a policy holder is to acknowledge receipt of the claim and reserve the right to deny coverage or offer a settlement amount.
90,A,"Based on advancements in technology, the insurance industry in California is likely to experience a reduction in the need for underwriting, increased operational efficiency, and lower insurance premiums. These developments are expected to lead to policy customization and personalized solutions for customers."
91,A,The Declaration page of an insurance policy typically includes the following items:
92,A,"According to California P&C licensing exam guidelines, the ethical principle that guides insurance agents in avoiding conflicts of interest and acting in the best interests of their clients is the principle of loyalty. This principle requires agents to put their clients' interests first and to act honestly and fairly towards them. By following this principle, agents can ensure that they are acting in the best"
93,A,"The purpose of the Fair Claims Practices Regulations is to speed up the Claims Setttlement process, prevent insurance fraud, and ensure fair treatment of policy holders. These regulations aim to reduce insurance premiums for California residents by ensuring that insurers are transparent and accountable in their claims settlement processes."
94,A,"The purpose of their duty to defend the provision in liability insuraNCe policies is to investigate and evaluate claims, provide legal defense for covered claims, and subscribe claims against third parties. This ensures that the insured receives fair and just compensation for losses caused by the policyholder's negligence or intentional acts."
95,A,"The role of underwriting guidelines in the insuraNCe underwriting process in California is to ensure compliance with regulatory standards, streamline claims handling processes, assess financial ability of insurers, and evaluate and manage risk. These guidelines help insurance companies to identify potential risks and mitigate them before they become a problem for policyholders."
96,A,"Based on regulatory changes, the industry is expected to experience a shift towards more competition among insurers, lowering insurance premiums, and simplifying claims handling. These changes are expected to impact insuraNCe practices in California positively."
97,A,"The short sentences ""1. Property damage caused by Insurance Negligence"" and ""2. Bodily injury to third parties"" are typically exclued from a standard liability insurance policy in California regulations."
98,A,"The purpose of an insurance policy's exclusions section is to limit the InsuraNCe liability, specifying premium payment terms, outline claims handling procedures, and defining policy endorsements."
99,A,"The purpose of the guarantee fund for policy holder's is to reimburse policy holders for insurance fraud losses, provide additional coverage beyond policy limits, compensate policy holders of insolvent insurers, and reduce insurance premiums."
100,A,"The California P&C licensing exam tutor is providing a brief explanation for the answer ""A"" in Question 100, which asks about endorsements under California insuraNCe regulations. Endorsements refer to additional coverage options that policy holders may have added to their insurance policies. The answer ""A"" refers to additional coverage options, such as medical payments or"
101,A,"The Loss Control Function plays a crucial role in insurance underwriting in California by assessing and managing risk, investigating claims, setting premium rates, and providing legal advice. These functions help insurers to identify and manage risks that can lead to losses, which ultimately affects the profitability of the company."
102,A,"Based on the ethical principle guide provided in California P&C licensing exam, agents are expected to provide accurate information about insurance products and services. This principle is reflected in Question 102, which asks for an explanation of how ethical agents should handle situations where they may have a conflict of interest or misrepresent the product's features. The given answer (A) provides an"
106,A,"Based on the passage, the question asks about how climate change impacts the property insurance market in California. The answer ""Reduces insuraNCe premiums"" is the best option based on the given text."
108,A,"Based on the ethical principle guide for insurance agents in California, A. represents the principle of representation, B. represents the principle of loyalty, C. represents the principle of Indemnity, and D. represents the principle of transparency and disclosure to clients."
109,A,"Based on California P&C licensing exam questions, subg plays a crucial role in determining coverage limits for insurance claims. It investigates the cause of losses, assigns liability to third parties, and recoups claim payment from responsible parties."
110,A,"The conditions section of an insurance policy typically includes provisions related to the policyholder's responsibilities and obligations, such as ensuring agreement and coverage limits, handling claims, and duties and responsibility. These sections help ensure that the insured receives the benefits they have paid for and that the insurer is held accountable for its actions."
111,A,"The purpose of consumer protection laws related to Insurance is to reduce insurance premiums, provide legal advice to insurers, and safeguard policy holder's rights."
112,A,"The Declaration page in an insuraNCe policy is used to summarize policy endorsements, outline policy exclusions, specify insured property and coverage limits, and define the scope of insuring agreements."
113,A,"The short sentences provided in the question provide a clear and concise explanation of the types of coverage typically covered under a commercial general liability (cgl) insurance policy, including employee health benefits, property damage caused by negligence, business interruption losses, and product recall expenses."
116,A,"The purpose of the reservation of Rights letter issued by an insurer during the claims process is to deny coverage for the claim, notify the insured of a claim decision, or preserve the insurer's rights."
117,A,"The purpose of the free looker period for insurance policies is to allow policy holders to cancel policies without penalty, which can provide discounts on insurance premiums. This period allows policy holders to evaluate the coverage and benefits of the policy before making a final decision."
118,A,"The purpose of exclusions in an insuraNCe policy is to specify insured property, outline claims procedures, and limit coverage. These are all essential aspects of the California insurance regulatory framework."
119,A,"The legal concept that applies when an insured transfers their rights to recover losses to the insurance company after being compensated for a claim is called ""indemnity."""
120,A,"The role of loss control measures in insurance underwriting in California is to assess and manage risk, investigate claims, set premium rates, and provide legal advice. These measures help insurers to identify potential risks and mitigate them before they become a problem for policyholders. Insurance companies use these measures to ensure that their policies are affordable and effective in protecting their customers from"
1004,A,"The insuring agreement section in an insuraNCe policy is a critical component that outlines the coverage limits, exclusions, and terms and conditions of the policy. It also defines the scope of coverage and sets forth the policy's terms and conditions. In summary, the insuring agreement section is a crucial part of an insuraNCe policy as it outlines the policy's key features"
